,price,sqft_living
0,221900.0,1180
1,538000.0,2570
2,180000.0,770
3,604000.0,1960
4,510000.0,1680
5,1230000.0,5420
6,257500.0,1715
7,291850.0,1060
8,229500.0,1780
9,323000.0,1890
10,662500.0,3560
11,468000.0,1160
12,310000.0,1430
13,400000.0,1370
14,530000.0,1810
15,650000.0,2950
16,395000.0,1890
17,485000.0,1600
18,189000.0,1200
19,230000.0,1250
20,385000.0,1620
21,2000000.0,3050
22,285000.0,2270
23,252700.0,1070
24,329000.0,2450
25,233000.0,1710
26,937000.0,2450
27,667000.0,1400
28,438000.0,1520
29,719000.0,2570
30,580500.0,2320
31,280000.0,1190
32,687500.0,2330
33,535000.0,1090
34,322500.0,2060
35,696000.0,2300
36,550000.0,1660
37,640000.0,2360
38,240000.0,1220
39,605000.0,2620
40,625000.0,2570
41,775000.0,4220
42,861990.0,3595
43,685000.0,1570
44,309000.0,1280
45,488000.0,3160
46,210490.0,990
47,785000.0,2290
48,450000.0,1250
49,1350000.0,2753
50,228000.0,1190
51,345000.0,3150
52,600000.0,1410
53,585000.0,1980
54,920000.0,2730
55,885000.0,2830
56,292500.0,2250
57,301000.0,2420
58,951000.0,3250
59,430000.0,1850
60,650000.0,2150
61,289000.0,1260
62,505000.0,2519
63,549000.0,1540
64,425000.0,1660
65,317625.0,2770
66,975000.0,2720
67,287000.0,2240
68,204000.0,1000
69,1330000.0,3200
70,1040000.0,4770
71,325000.0,1260
72,571000.0,2750
73,360000.0,2380
74,349000.0,1790
75,832500.0,3430
76,380000.0,1760
77,480000.0,1040
78,410000.0,1410
79,720000.0,3450
80,390000.0,2350
81,360000.0,1900
82,355000.0,2020
83,356000.0,1680
84,315000.0,960
85,940000.0,2140
86,305000.0,2660
87,461000.0,2770
88,215000.0,1610
89,335000.0,1030
90,243500.0,1980
91,1100000.0,3520
92,153000.0,1200
93,430000.0,1580
94,700000.0,1580
95,905000.0,3300
96,247500.0,1960
97,199000.0,1160
98,314000.0,1810
99,437500.0,2320
100,850830.0,2070
101,555000.0,1980
102,699950.0,2190
103,1090000.0,2920
104,290000.0,1210
105,375000.0,2340
106,460000.0,1670
107,188500.0,1240
108,680000.0,3140
109,470000.0,2030
110,597750.0,2310
111,570000.0,1260
112,272500.0,1540
113,329950.0,2080
114,480000.0,3230
115,740500.0,4380
116,518500.0,1590
117,205425.0,880
118,171800.0,1570
119,535000.0,1610
120,660000.0,2400
121,391500.0,1450
122,395000.0,770
123,445000.0,2100
124,770000.0,2910
125,1450000.0,2750
126,445000.0,2100
127,260000.0,2160
128,822500.0,2320
129,430000.0,2070
130,212000.0,1060
131,660500.0,2010
132,784000.0,3950
133,453246.0,2010
134,675000.0,2140
135,199000.0,1320
136,220000.0,2020
137,452000.0,2590
138,382500.0,1190
139,519950.0,1170
140,665000.0,1110
141,527700.0,2820
142,205000.0,1610
143,420000.0,1060
144,500000.0,2030
145,921500.0,3670
146,890000.0,2550
147,430000.0,2420
148,258000.0,2260
149,511000.0,1430
150,532170.0,1360
151,560000.0,1110
152,282950.0,1250
153,2250000.0,5180
154,350000.0,700
155,215000.0,1180
156,650000.0,3960
157,320000.0,2640
158,247000.0,1270
159,320000.0,1760
160,255000.0,2060
161,438000.0,1780
162,900000.0,3400
163,441000.0,1910
164,420000.0,2020
165,370000.0,1580
166,269950.0,1340
167,807100.0,2680
168,653000.0,2680
169,371500.0,1370
170,284000.0,1560
171,272000.0,2160
172,313000.0,1340
173,917500.0,3880
174,673000.0,2590
175,425000.0,1120
176,399950.0,1970
177,385000.0,1220
178,269950.0,1950
179,330000.0,1350
180,260000.0,1670
181,470000.0,2380
182,589000.0,2440
183,163500.0,1050
184,835000.0,3130
185,1100000.0,4090
186,269000.0,1490
187,560000.0,1900
188,615000.0,1330
189,585188.0,2230
190,305000.0,1650
191,166950.0,1190
192,799000.0,2140
193,400000.0,2180
194,230000.0,1060
195,256883.0,1690
196,423000.0,1970
197,465000.0,2150
198,440000.0,1910
199,385000.0,1350
200,210000.0,860
201,297000.0,1940
202,470000.0,1010
203,226500.0,1300
204,274250.0,910
205,840000.0,2480
206,677900.0,2440
207,425000.0,1010
208,180250.0,900
209,464000.0,2300
210,320000.0,1550
211,625504.0,1270
212,592500.0,2240
213,465000.0,2714
214,477000.0,1720
215,280000.0,850
216,1510000.0,3300
217,445838.0,2250
218,1070000.0,3900
219,467000.0,1320
220,686000.0,2760
221,279950.0,1750
222,527000.0,2330
223,325000.0,2220
224,328000.0,2020
225,390000.0,1250
226,479950.0,1510
227,264950.0,1720
228,235000.0,1430
229,516500.0,1480
230,655000.0,1450
231,500000.0,2280
232,315000.0,2940
233,213000.0,1000
234,475000.0,2480
235,1030000.0,3760
236,416000.0,2220
237,410000.0,1970
238,800000.0,3830
239,472000.0,4410
240,225000.0,1430
241,210000.0,830
242,455000.0,1430
243,225000.0,1300
244,480000.0,1030
245,363000.0,2740
246,2400000.0,3650
247,181000.0,720
248,250000.0,2010
249,481000.0,1560
250,260000.0,1810
251,455000.0,3360
252,415000.0,1510
253,349500.0,1400
254,245000.0,1730
255,592500.0,1420
256,385000.0,2360
257,315000.0,1580
258,255000.0,1230
259,693000.0,2460
260,780000.0,1660
261,237000.0,1270
262,525000.0,2100
263,425000.0,770
264,369900.0,760
265,290000.0,1700
266,285000.0,1120
267,415000.0,1070
268,272500.0,2070
269,2900000.0,5050
270,1370000.0,5310
271,436000.0,1040
272,210000.0,1700
273,236000.0,1300
274,331000.0,1080
275,365000.0,2653
276,450000.0,2290
277,770000.0,3820
278,455000.0,2210
279,405000.0,2390
280,304900.0,2600
281,170000.0,860
282,2050000.0,3830
283,780000.0,3500
284,330000.0,2420
285,370000.0,2720
286,467000.0,2500
287,405000.0,1670
288,675000.0,2900
289,500000.0,1640
290,389999.0,1890
291,630000.0,2950
292,360000.0,2160
293,580000.0,3280
294,550000.0,1970
295,879000.0,3360
296,265000.0,1320
297,446500.0,2650
298,404000.0,2030
299,267500.0,1590
300,3080000.0,4550
301,335000.0,2440
302,576000.0,1940
303,208633.0,2040
304,315000.0,2200
305,725000.0,1920
306,550000.0,1800
307,610750.0,2180
308,550700.0,1010
309,665000.0,3320
310,834000.0,2370
311,201000.0,1660
312,2380000.0,3650
313,1380000.0,4290
314,1400000.0,4290
315,305000.0,1950
316,487000.0,2590
317,390000.0,1930
318,548000.0,1470
319,268750.0,800
320,819900.0,3150
321,520000.0,2030
322,230000.0,1450
323,240000.0,1510
324,232000.0,1240
325,240500.0,1240
326,274975.0,3030
327,740000.0,2050
328,186375.0,1000
329,790000.0,2370
330,880000.0,2800
331,279000.0,2240
332,295000.0,1810
333,640000.0,1070
334,940000.0,2490
335,260000.0,1960
336,559900.0,2930
337,791500.0,1510
338,265000.0,1420
339,245000.0,1740
340,485000.0,2560
341,684000.0,3040
342,425000.0,2500
343,309600.0,1275
344,552250.0,2580
345,165000.0,1000
346,239900.0,1000
347,320000.0,1070
348,206600.0,1390
349,387000.0,2500
350,299000.0,560
351,855000.0,2270
352,315000.0,1900
353,437500.0,990
354,252000.0,1550
355,375000.0,2200
356,300000.0,1910
357,420000.0,1750
358,900000.0,1330
359,679900.0,2440
360,463000.0,1640
361,380000.0,2760
362,329500.0,1820
363,604950.0,2110
364,795000.0,3040
365,465000.0,1840
366,673000.0,2990
367,810000.0,3520
368,785000.0,2440
369,338000.0,2090
370,280000.0,1430
371,315000.0,2180
372,530000.0,2180
373,380000.0,3450
374,297000.0,1450
375,730000.0,3230
376,450000.0,1640
377,275000.0,1590
378,595000.0,2020
379,435000.0,1300
380,270000.0,1380
381,950000.0,4040
382,389000.0,2130
383,560000.0,2550
384,1350000.0,4800
385,799000.0,2510
386,365500.0,1410
387,252350.0,1650
388,403950.0,2120
389,385000.0,2040
390,345000.0,1550
391,490000.0,1980
392,330000.0,1600
393,927000.0,3300
394,1120000.0,3840
395,330000.0,1220
396,530000.0,2720
397,365000.0,1940
398,378750.0,2160
399,269900.0,1530
400,557000.0,1710
401,360000.0,3730
402,352000.0,940
403,437000.0,1750
404,322500.0,1820
405,650000.0,1510
406,450000.0,1290
407,278500.0,1570
408,364950.0,1930
409,840000.0,2840
410,268000.0,1550
411,517534.0,833
412,632925.0,2990
413,577500.0,2000
414,339000.0,2390
415,570000.0,2910
416,563500.0,2085
417,423000.0,2200
418,355000.0,1860
419,1550000.0,6070
420,482000.0,950
421,625000.0,1600
422,538000.0,2250
423,380000.0,2280
424,375000.0,940
425,245000.0,1530
426,310000.0,2190
427,1300000.0,2350
428,397000.0,1440
429,365000.0,2200
430,328500.0,2290
431,988000.0,4040
432,1000000.0,2610
433,237000.0,1490
434,525000.0,2450
435,749000.0,1710
436,722500.0,4870
437,843000.0,3130
438,438000.0,1270
439,578000.0,2120
440,227950.0,1670
441,196000.0,2070
442,641000.0,1420
443,350000.0,1250
444,205000.0,940
445,400000.0,1920
446,1030000.0,3545
447,505000.0,1260
448,475000.0,2340
449,520000.0,2590
450,1450000.0,3970
451,333500.0,1220
452,232000.0,1400
453,691100.0,2360
454,811000.0,1870
455,551000.0,2830
456,496500.0,2260
457,705000.0,1970
458,578000.0,3140
459,255000.0,1240
460,1050000.0,3450
461,348000.0,2570
462,230000.0,1510
463,359500.0,2390
464,330000.0,980
465,80000.0,430
466,465000.0,1480
467,325000.0,1850
468,340500.0,2270
469,342500.0,1810
470,290900.0,1610
471,868700.0,3840
472,1200000.0,4110
473,1150000.0,4190
474,859900.0,3390
475,520000.0,1890
476,460000.0,1610
477,438924.0,1050
478,315000.0,630
479,590000.0,2910
480,378500.0,1700
481,328500.0,1950
482,849950.0,2990
483,525000.0,1350
484,1390000.0,4860
485,295000.0,2160
486,1070000.0,4860
487,207950.0,890
488,699900.0,2810
489,1280000.0,3400
490,452000.0,1580
491,370000.0,1680
492,232000.0,1300
493,669950.0,2820
494,397500.0,1510
495,490000.0,1230
496,725000.0,2110
497,299000.0,3080
498,625000.0,1490
499,437500.0,2120
500,650000.0,3180
501,475000.0,1490
502,342000.0,1930
503,1200000.0,2770
504,280000.0,1670
505,240000.0,1330
506,529000.0,1210
507,442000.0,1190
508,615000.0,1540
509,1490000.0,4030
510,585000.0,2430
511,480000.0,2600
512,1100000.0,4410
513,290000.0,1330
514,615000.0,1900
515,300000.0,1100
516,308000.0,1980
517,750000.0,2400
518,2250000.0,4760
519,890000.0,3180
520,288000.0,1190
521,190000.0,630
522,515000.0,2530
523,235000.0,1690
524,275000.0,940
525,727500.0,1240
526,650000.0,3040
527,1600000.0,6050
528,365000.0,1590
529,662000.0,2500
530,270500.0,1780
531,200000.0,1360
532,970000.0,4740
533,160000.0,1010
534,204000.0,1040
535,358000.0,1610
536,452000.0,1570
537,595000.0,1510
538,249000.0,1360
539,346900.0,1970
540,2130000.0,5403
541,280000.0,1560
542,318888.0,2320
543,530000.0,2120
544,375000.0,2120
545,910000.0,3350
546,782000.0,2380
547,259950.0,1070
548,315000.0,2300
549,215000.0,1320
550,705000.0,2180
551,1450000.0,4380
552,451000.0,1790
553,261000.0,750
554,396000.0,1300
555,725000.0,2990
556,1950000.0,4640
557,238000.0,1400
558,750000.0,2750
559,331500.0,2050
560,460000.0,2230
561,404950.0,2340
562,880000.0,2870
563,863000.0,4120
564,638700.0,2080
565,435000.0,1840
566,260000.0,1180
567,671500.0,2160
568,610000.0,1180
569,405000.0,1160
570,338900.0,1830
571,720000.0,3200
572,442000.0,2560
573,650000.0,2550
574,263500.0,1330
575,300000.0,1220
576,266000.0,1805
577,930000.0,6050
578,530000.0,2320
579,180000.0,1384
580,619000.0,2720
581,264000.0,1820
582,730000.0,2130
583,439000.0,2060
584,268500.0,1420
585,330000.0,1510
586,640000.0,2160
587,900000.0,3180
588,370000.0,2110
589,685000.0,2060
590,505000.0,1830
591,265000.0,1820
592,290000.0,1610
593,296000.0,1780
594,360000.0,1840
595,240500.0,1460
596,372500.0,1400
597,595000.0,3370
598,515000.0,3590
599,1220000.0,3200
600,507000.0,1670
601,399950.0,2420
602,185000.0,1430
603,460000.0,1440
604,435500.0,1450
605,469000.0,3550
606,531000.0,1270
607,443500.0,940
608,223000.0,1670
609,590000.0,3100
610,340000.0,1100
611,650000.0,1870
612,533600.0,1930
613,695000.0,2540
614,242000.0,1280
615,425000.0,1820
616,525000.0,1490
617,485000.0,1880
618,175000.0,1250
619,210000.0,1440
620,260000.0,1920
621,577000.0,2060
622,200000.0,1210
623,605000.0,1760
624,325000.0,990
625,289500.0,960
626,559950.0,1660
627,1040000.0,1900
628,543500.0,1270
629,480000.0,3250
630,218000.0,960
631,565000.0,1330
632,426700.0,2080
633,650000.0,2690
634,542000.0,890
635,415000.0,1070
636,214000.0,1200
637,245000.0,1360
638,314500.0,2050
639,1120000.0,3000
640,378000.0,1300
641,305000.0,2250
642,595000.0,3740
643,729500.0,1660
644,430000.0,2360
645,240000.0,1760
646,545000.0,1680
647,530000.0,1320
648,157000.0,870
649,425000.0,1260
650,220000.0,1000
651,521000.0,2020
652,325000.0,1920
653,597500.0,2150
654,337000.0,1470
655,1000000.0,3180
656,3070000.0,3930
657,495000.0,990
658,748000.0,2770
659,888000.0,1250
660,269900.0,1140
661,496500.0,2250
662,475000.0,1640
663,312000.0,1255
664,323000.0,1290
665,331000.0,1300
666,306000.0,1220
667,655000.0,2630
668,290000.0,1950
669,1250000.0,3160
670,460000.0,1550
671,435000.0,1700
672,664000.0,2510
673,865000.0,1800
674,385000.0,1800
675,497000.0,1870
676,280000.0,1010
677,188000.0,1120
678,478500.0,2090
679,1150000.0,4370
680,222000.0,1440
681,799000.0,2580
682,609900.0,3190
683,413000.0,2380
684,400000.0,1420
685,802541.0,2990
686,320000.0,2680
687,507000.0,2730
688,387500.0,1220
689,396000.0,1500
690,373000.0,1830
691,1480000.0,4570
692,359900.0,2470
693,410000.0,800
694,690000.0,2900
695,245000.0,1410
696,700000.0,2830
697,268000.0,1680
698,225000.0,1760
699,980000.0,2240
700,795000.0,1380
701,195000.0,820
702,480000.0,2180
703,485000.0,1400
704,130000.0,880
705,325000.0,1060
706,440000.0,1530
707,550000.0,2480
708,310000.0,1490
709,530000.0,3660
710,390000.0,2340
711,243000.0,1450
712,639000.0,2210
713,215000.0,1130
714,405000.0,1550
715,250000.0,1710
716,405500.0,1010
717,452000.0,2660
718,730000.0,2660
719,267000.0,1300
720,289950.0,1670
721,565000.0,960
722,1580000.0,4670
723,636000.0,2140
724,350000.0,2520
725,320000.0,1650
726,210000.0,1440
727,245000.0,1050
728,328000.0,1470
729,985000.0,4230
730,501000.0,1970
731,315000.0,1540
732,403000.0,2090
733,550000.0,2380
734,347500.0,2156
735,365000.0,2070
736,588000.0,1910
737,605000.0,1920
738,1300000.0,3400
739,233000.0,1400
740,360000.0,2210
741,459000.0,1170
742,740000.0,2100
743,305000.0,1160
744,395000.0,1500
745,560000.0,2940
746,650000.0,2010
747,449950.0,2170
748,517500.0,1430
749,435000.0,1510
750,329999.0,1150
751,950000.0,2150
752,447000.0,1370
753,699800.0,2380
754,850000.0,1370
755,316500.0,1600
756,942500.0,3750
757,1310000.0,3950
758,856600.0,2400
759,405600.0,2830
760,565000.0,2440
761,400000.0,1190
762,330000.0,1400
763,374950.0,2730
764,405300.0,2390
765,560000.0,2060
766,824000.0,2490
767,260000.0,1100
768,760000.0,2430
769,405000.0,3170
770,429900.0,2640
771,341500.0,1130
772,465250.0,1940
773,450000.0,1100
774,390000.0,1200
775,420000.0,2000
776,269950.0,1890
777,493000.0,1910
778,370000.0,2710
779,2250000.0,4860
780,305000.0,1250
781,400000.0,1590
782,320000.0,1240
783,715000.0,2000
784,650000.0,3610
785,218000.0,1930
786,500000.0,1280
787,460000.0,2090
788,232500.0,1940
789,408200.0,1800
790,522000.0,1730
791,675000.0,2810
792,1360000.0,3550
793,249950.0,1330
794,210000.0,750
795,429950.0,1760
796,737500.0,3200
797,710000.0,1740
798,470000.0,2100
799,1100000.0,4270
800,650000.0,1340
801,1220000.0,3190
802,422120.0,1630
803,625000.0,2990
804,385200.0,1550
805,500000.0,1690
806,308000.0,1960
807,565000.0,2390
808,581000.0,2600
809,361000.0,1950
810,345000.0,1250
811,419000.0,1180
812,347000.0,1680
813,625000.0,2220
814,2400000.0,4890
815,379000.0,2660
816,310000.0,1150
817,250000.0,1130
818,682000.0,2760
819,246500.0,1430
820,325000.0,1490
821,310950.0,2030
822,1100000.0,3010
823,287500.0,1810
824,431000.0,1810
825,226000.0,970
826,825000.0,2010
827,175000.0,1300
828,465750.0,1260
829,659000.0,2610
830,595000.0,1910
831,350000.0,1780
832,270000.0,1900
833,662500.0,2450
834,249900.0,1380
835,324500.0,1920
836,430000.0,1350
837,419950.0,1350
838,285000.0,2510
839,332000.0,2470
840,282000.0,1660
841,320000.0,1340
842,428750.0,1620
843,330000.0,2300
844,456500.0,2000
845,352000.0,1640
846,664000.0,1530
847,628000.0,4000
848,512000.0,1610
849,254000.0,2070
850,535800.0,1900
851,287653.0,1050
852,438000.0,1520
853,450000.0,2390
854,327000.0,2400
855,370500.0,1790
856,265000.0,1720
857,450000.0,2980
858,425000.0,1520
859,166600.0,1150
860,245000.0,380
861,565000.0,910
862,539900.0,1650
863,910000.0,2480
864,280000.0,2050
865,275000.0,1420
866,467000.0,3460
867,457500.0,1500
868,381156.0,1320
869,289999.0,2180
870,642450.0,1830
871,469950.0,1620
872,795000.0,2920
873,785000.0,3300
874,860000.0,3060
875,1100000.0,3064
876,147500.0,1530
877,390000.0,1910
878,229000.0,1020
879,185000.0,1150
880,414900.0,1260
881,200000.0,1920
882,225000.0,1800
883,720000.0,2040
884,930000.0,2200
885,1270000.0,3200
886,700000.0,2400
887,466000.0,1140
888,374000.0,1330
889,480000.0,1940
890,740000.0,3000
891,1010000.0,1820
892,395000.0,2910
893,340000.0,1090
894,209000.0,1230
895,431650.0,1710
896,980000.0,3160
897,660000.0,2680
898,730000.0,2190
899,291500.0,1260
900,905000.0,2970
901,800000.0,2570
902,839900.0,3810
903,200000.0,1010
904,300000.0,1480
905,530000.0,1250
906,314950.0,1654
907,255000.0,1410
908,550000.0,2160
909,435000.0,1400
910,234000.0,1420
911,615000.0,2500
912,205000.0,1410
913,384000.0,2100
914,324000.0,1750
915,645000.0,2070
916,570000.0,1570
917,324000.0,1920
918,270000.0,1000
919,290000.0,2120
920,250000.0,1440
921,342000.0,1660
922,255000.0,1340
923,800000.0,2380
924,451000.0,1560
925,990000.0,2780
926,288400.0,1860
927,420000.0,2390
928,359000.0,1370
929,390000.0,2570
930,300000.0,1320
931,545000.0,2520
932,288349.0,1250
933,299900.0,1560
934,891000.0,2330
935,1200000.0,3660
936,378000.0,2790
937,299995.0,1060
938,253000.0,2020
939,350000.0,1580
940,565000.0,2020
941,315000.0,970
942,570000.0,1490
943,971000.0,4390
944,915000.0,2750
945,419000.0,2150
946,260000.0,1810
947,1320000.0,2230
948,369950.0,2430
949,1030000.0,3680
950,435000.0,1410
951,601000.0,1330
952,460500.0,1490
953,720000.0,2020
954,851000.0,3130
955,550000.0,2670
956,700000.0,1980
957,323000.0,2100
958,345500.0,1350
959,378000.0,2140
960,650000.0,2208
961,385000.0,1010
962,425000.0,970
963,210000.0,1520
964,630000.0,2740
965,335000.0,1570
966,196500.0,1320
967,582800.0,2550
968,440000.0,1560
969,752500.0,2360
970,532500.0,1330
971,265000.0,1070
972,397500.0,1510
973,524250.0,1710
974,765000.0,2790
975,648000.0,2620
976,469500.0,2970
977,237500.0,1050
978,216000.0,1280
979,427200.0,1030
980,280000.0,1900
981,718000.0,3070
982,420000.0,1760
983,379000.0,930
984,326100.0,880
985,535000.0,1360
986,283000.0,2130
987,260000.0,1480
988,399000.0,1500
989,484950.0,1670
990,640000.0,2060
991,585000.0,2160
992,645000.0,2780
993,253000.0,1490
994,178500.0,740
995,291000.0,1860
996,199950.0,1590
997,553500.0,850
998,189950.0,1030
999,289000.0,1850
1000,700000.0,1830
1001,270000.0,1560
1002,258000.0,1730
1003,530000.0,1930
1004,245000.0,1422
1005,563000.0,1380
1006,515000.0,2430
1007,325000.0,2610
1008,540000.0,2000
1009,280300.0,920
1010,460000.0,1750
1011,475000.0,2020
1012,900000.0,2460
1013,538200.0,1780
1014,429000.0,1080
1015,164808.0,1250
1016,520000.0,1870
1017,475000.0,1700
1018,283000.0,1480
1019,321500.0,1930
1020,840000.0,3130
1021,287000.0,1370
1022,375000.0,960
1023,349500.0,1260
1024,446450.0,1480
1025,315000.0,1930
1026,271310.0,870
1027,315000.0,1300
1028,245000.0,1490
1029,543115.0,1380
1030,900000.0,1190
1031,2450000.0,4250
1032,554000.0,1920
1033,249900.0,2080
1034,768000.0,3220
1035,980000.0,3680
1036,395000.0,2070
1037,415000.0,1480
1038,380000.0,2000
1039,566000.0,1560
1040,218500.0,1600
1041,550000.0,1940
1042,512031.0,1540
1043,197500.0,820
1044,470000.0,1780
1045,590000.0,1560
1046,465000.0,2210
1047,499000.0,2040
1048,515000.0,1920
1049,716500.0,1930
1050,410000.0,1700
1051,850000.0,3450
1052,1050000.0,3440
1053,648000.0,2380
1054,620000.0,2400
1055,935000.0,5670
1056,379000.0,1140
1057,699000.0,1670
1058,528000.0,1910
1059,425000.0,1560
1060,249500.0,1500
1061,1040000.0,4475
1062,790000.0,2840
1063,399950.0,1020
1064,275000.0,1410
1065,550000.0,1520
1066,140000.0,730
1067,250000.0,1190
1068,318000.0,1410
1069,505000.0,1240
1070,470500.0,2500
1071,360000.0,1050
1072,1240000.0,2680
1073,986000.0,2380
1074,515000.0,1060
1075,320000.0,2300
1076,310000.0,2010
1077,356700.0,1090
1078,775000.0,2320
1079,325000.0,1040
1080,208000.0,1810
1081,825000.0,1150
1082,515000.0,2360
1083,490000.0,1970
1084,675000.0,2690
1085,360000.0,2080
1086,550000.0,2080
1087,225000.0,1370
1088,500000.0,3410
1089,385000.0,1850
1090,837700.0,3010
1091,448000.0,1530
1092,730000.0,2690
1093,575000.0,2810
1094,430000.0,1810
1095,435000.0,1560
1096,241000.0,1010
1097,453500.0,1000
1098,285000.0,990
1099,151000.0,720
1100,1570000.0,6070
1101,631000.0,2270
1102,285000.0,1380
1103,195000.0,1260
1104,817500.0,2910
1105,550000.0,1810
1106,1130000.0,3160
1107,609850.0,1910
1108,200000.0,1230
1109,367000.0,2960
1110,285167.0,2200
1111,275000.0,1270
1112,350900.0,2540
1113,660000.0,3030
1114,525000.0,1520
1115,262000.0,1560
1116,690000.0,970
1117,624000.0,3570
1118,353000.0,1350
1119,552500.0,3710
1120,224500.0,1430
1121,239000.0,940
1122,975000.0,4300
1123,1200000.0,3990
1124,505000.0,1380
1125,302000.0,2020
1126,170000.0,1480
1127,195000.0,1190
1128,272000.0,2550
1129,369000.0,2550
1130,332500.0,1500
1131,515000.0,3000
1132,269000.0,1690
1133,1280000.0,4390
1134,303000.0,1560
1135,420000.0,2940
1136,400000.0,1130
1137,225000.0,1020
1138,219000.0,1310
1139,605000.0,2570
1140,625000.0,2020
1141,380000.0,1680
1142,620000.0,1770
1143,687500.0,3190
1144,225500.0,1440
1145,252500.0,1150
1146,510000.0,1860
1147,510000.0,2430
1148,725000.0,1940
1149,75000.0,670
1150,492000.0,880
1151,425000.0,1930
1152,1960000.0,3120
1153,298900.0,1830
1154,699000.0,3230
1155,310000.0,700
1156,350000.0,1010
1157,790000.0,2460
1158,305000.0,2230
1159,315000.0,1570
1160,267500.0,2390
1161,1750000.0,3460
1162,435000.0,2400
1163,482500.0,2940
1164,5110000.0,8010
1165,439995.0,1570
1166,460000.0,1520
1167,194000.0,1070
1168,290000.0,440
1169,274700.0,2440
1170,900000.0,2660
1171,1150000.0,4460
1172,605000.0,2010
1173,359000.0,1450
1174,850000.0,1400
1175,505000.0,1500
1176,565000.0,2500
1177,585000.0,1280
1178,328000.0,3380
1179,749950.0,2910
1180,826000.0,3060
1181,535000.0,1330
1182,925000.0,3300
1183,875000.0,3250
1184,902000.0,2530
1185,423000.0,1830
1186,235000.0,1170
1187,545000.0,2930
1188,343000.0,1230
1189,334950.0,1620
1190,405000.0,1760
1191,220000.0,1440
1192,173000.0,1740
1193,655000.0,1270
1194,406000.0,880
1195,632000.0,2560
1196,357000.0,1540
1197,361000.0,1150
1198,277000.0,770
1199,630000.0,4610
1200,254000.0,1850
1201,472800.0,1840
1202,263000.0,1490
1203,510000.0,1490
1204,179950.0,960
1205,525000.0,1580
1206,479000.0,1260
1207,651000.0,1940
1208,949000.0,2490
1209,392400.0,2520
1210,585000.0,1760
1211,460000.0,4190
1212,470000.0,1170
1213,245000.0,1600
1214,500000.0,2760
1215,455000.0,2090
1216,485500.0,2320
1217,1880000.0,4110
1218,100000.0,770
1219,307000.0,1410
1220,475000.0,3660
1221,330000.0,2180
1222,130000.0,1110
1223,320000.0,2280
1224,735000.0,2820
1225,365000.0,1570
1226,234000.0,1200
1227,211000.0,1710
1228,680000.0,3000
1229,457000.0,2800
1230,349000.0,1640
1231,360000.0,2030
1232,350000.0,2530
1233,208000.0,990
1234,250275.0,790
1235,435000.0,790
1236,270000.0,1800
1237,438000.0,1650
1238,659000.0,1980
1239,645000.0,2340
1240,685100.0,2790
1241,350000.0,2800
1242,375000.0,1840
1243,170000.0,1350
1244,880000.0,3030
1245,410500.0,1980
1246,780000.0,3690
1247,1230000.0,3732
1248,449000.0,1510
1249,546000.0,2000
1250,317000.0,1760
1251,276900.0,1270
1252,399000.0,2620
1253,495000.0,2630
1254,258000.0,2270
1255,600000.0,2410
1256,265000.0,1120
1257,321000.0,3030
1258,682000.0,2120
1259,295700.0,1720
1260,609000.0,2150
1261,995000.0,4380
1262,530000.0,2010
1263,614000.0,3150
1264,390000.0,2500
1265,467000.0,1690
1266,484000.0,3300
1267,340000.0,1240
1268,302495.0,2200
1269,532500.0,1620
1270,441500.0,2420
1271,470000.0,2680
1272,2300000.0,4250
1273,590000.0,2400
1274,320000.0,2300
1275,363000.0,920
1276,747500.0,2350
1277,750000.0,2630
1278,831000.0,2170
1279,403000.0,1700
1280,445000.0,2470
1281,345000.0,1250
1282,2260000.0,3110
1283,371025.0,1530
1284,355000.0,960
1285,270000.0,1240
1286,425000.0,2440
1287,364808.0,2320
1288,320000.0,1580
1289,325000.0,2963
1290,350000.0,2470
1291,170000.0,1370
1292,255000.0,960
1293,550000.0,1130
1294,835000.0,4930
1295,420000.0,1150
1296,925000.0,2190
1297,389250.0,1490
1298,748000.0,2600
1299,284000.0,1530
1300,588000.0,1680
1301,372500.0,1680
1302,285000.0,1900
1303,360000.0,1570
1304,275000.0,1370
1305,428000.0,1350
1306,847000.0,3010
1307,316000.0,1010
1308,375000.0,2050
1309,533000.0,1670
1310,556000.0,3840
1311,225000.0,2220
1312,537250.0,2590
1313,255000.0,1180
1314,530000.0,2950
1315,5300000.0,7390
1316,595000.0,2150
1317,548000.0,2100
1318,234975.0,1650
1319,600000.0,1620
1320,432000.0,1750
1321,455000.0,1380
1322,279950.0,1510
1323,267500.0,1600
1324,620000.0,1840
1325,110000.0,830
1326,625000.0,1810
1327,389000.0,910
1328,1200000.0,2120
1329,788500.0,2510
1330,567000.0,2100
1331,515000.0,2690
1332,605000.0,2430
1333,430000.0,2452
1334,805000.0,1550
1335,567500.0,2080
1336,647500.0,1290
1337,495000.0,1850
1338,825000.0,3370
1339,435000.0,2730
1340,445950.0,1300
1341,960000.0,3040
1342,780000.0,2440
1343,274500.0,1720
1344,729953.0,3230
1345,464950.0,1200
1346,620000.0,2350
1347,735000.0,3100
1348,450000.0,2040
1349,450000.0,2000
1350,842500.0,2160
1351,360000.0,1970
1352,585000.0,2270
1353,461000.0,1850
1354,345000.0,1350
1355,1080000.0,3280
1356,643000.0,2270
1357,690000.0,2820
1358,282000.0,1200
1359,549000.0,2000
1360,815000.0,2310
1361,2200000.0,4640
1362,700000.0,2330
1363,933399.0,3940
1364,290000.0,1440
1365,372000.0,1960
1366,450000.0,1250
1367,303700.0,1981
1368,672000.0,2440
1369,334000.0,1150
1370,260000.0,1120
1371,749950.0,1800
1372,330000.0,2380
1373,830000.0,2920
1374,1130000.0,2790
1375,320000.0,1560
1376,260000.0,1550
1377,225000.0,1700
1378,279200.0,640
1379,520000.0,2680
1380,505000.0,1860
1381,234000.0,1490
1382,503000.0,2470
1383,606000.0,2390
1384,433500.0,1230
1385,250000.0,2840
1386,719000.0,2120
1387,381000.0,1770
1388,267000.0,2495
1389,275000.0,1170
1390,651000.0,2740
1391,439000.0,1050
1392,325000.0,1130
1393,490000.0,880
1394,519900.0,2403
1395,545000.0,3410
1396,1060000.0,5320
1397,542000.0,1900
1398,465000.0,1810
1399,408000.0,1200
1400,292000.0,2060
1401,253000.0,1250
1402,280000.0,910
1403,658588.0,2560
1404,635000.0,1920
1405,439000.0,2240
1406,300000.0,1260
1407,345000.0,1360
1408,283500.0,2100
1409,425000.0,2110
1410,685000.0,2210
1411,750000.0,2360
1412,245000.0,1280
1413,585444.0,2740
1414,706000.0,2740
1415,445000.0,2630
1416,241000.0,1650
1417,1180000.0,1770
1418,530000.0,1500
1419,350000.0,1430
1420,1700000.0,3190
1421,389000.0,1280
1422,799000.0,2390
1423,1400000.0,4040
1424,340895.0,920
1425,780000.0,2730
1426,350000.0,1320
1427,470000.0,2620
1428,914600.0,3180
1429,354000.0,2900
1430,470000.0,1900
1431,715000.0,1760
1432,265000.0,760
1433,2540000.0,3710
1434,640000.0,1530
1435,290000.0,1990
1436,480000.0,3830
1437,535000.0,2040
1438,907000.0,2170
1439,459000.0,1620
1440,1360000.0,3600
1441,264950.0,1470
1442,352950.0,1760
1443,491500.0,2230
1444,1230000.0,3770
1445,369500.0,1200
1446,566000.0,2090
1447,290000.0,1500
1448,5350000.0,8000
1449,180000.0,870
1450,215000.0,1010
1451,302000.0,1010
1452,352500.0,1860
1453,235867.0,1330
1454,500000.0,1760
1455,382000.0,1800
1456,515000.0,1690
1457,250000.0,660
1458,672500.0,2400
1459,755000.0,3020
1460,707500.0,1500
1461,459000.0,1560
1462,140000.0,1090
1463,495000.0,970
1464,757000.0,3190
1465,765000.0,3190
1466,359000.0,1890
1467,440000.0,1050
1468,400000.0,1390
1469,652000.0,1700
1470,260000.0,1050
1471,1330000.0,3340
1472,519500.0,1540
1473,650000.0,1710
1474,280000.0,2100
1475,515000.0,1730
1476,400000.0,1500
1477,652100.0,2380
1478,235000.0,2180
1479,701000.0,1840
1480,640000.0,2341
1481,455800.0,1690
1482,504750.0,2490
1483,483000.0,2440
1484,530000.0,920
1485,250000.0,1030
1486,229950.0,2000
1487,884744.0,4210
1488,514000.0,1610
1489,532000.0,1910
1490,423000.0,2660
1491,420000.0,820
1492,521000.0,1730
1493,577000.0,2360
1494,425000.0,970
1495,495000.0,2460
1496,340000.0,2690
1497,499950.0,1820
1498,1220000.0,3470
1499,720000.0,3370
1500,249000.0,1700
1501,206135.0,1340
1502,300000.0,2000
1503,612000.0,3840
1504,1100000.0,3890
1505,230000.0,1220
1506,850000.0,2280
1507,355000.0,2770
1508,442000.0,2520
1509,399000.0,3060
1510,360000.0,2390
1511,390000.0,1320
1512,413000.0,2900
1513,190000.0,700
1514,432900.0,2210
1515,621138.0,2180
1516,270000.0,2080
1517,610000.0,2090
1518,500000.0,1720
1519,715000.0,2460
1520,264000.0,1470
1521,550000.0,1650
1522,337000.0,1690
1523,170000.0,970
1524,405000.0,2030
1525,775000.0,2540
1526,425000.0,1570
1527,713000.0,2580
1528,555000.0,2090
1529,810000.0,3260
1530,1250000.0,3830
1531,819000.0,2130
1532,409900.0,1690
1533,935000.0,1780
1534,657500.0,1620
1535,900000.0,4210
1536,932800.0,2980
1537,391000.0,1490
1538,420000.0,2110
1539,1300000.0,6563
1540,415000.0,1510
1541,350000.0,1830
1542,375000.0,1230
1543,860000.0,2180
1544,495000.0,2220
1545,250000.0,1730
1546,365000.0,1990
1547,503000.0,1540
1548,150000.0,1100
1549,450000.0,1640
1550,355000.0,2590
1551,245000.0,1450
1552,265900.0,1180
1553,299000.0,1820
1554,957500.0,2360
1555,343000.0,1120
1556,307500.0,1646
1557,937500.0,4210
1558,610000.0,2480
1559,720000.0,1590
1560,610000.0,2130
1561,434500.0,1650
1562,602500.0,3090
1563,607010.0,2180
1564,610000.0,1800
1565,828500.0,3720
1566,199990.0,1100
1567,294000.0,1530
1568,789500.0,3010
1569,797000.0,3500
1570,539950.0,3100
1571,284950.0,2000
1572,776500.0,2290
1573,525000.0,2400
1574,303000.0,1850
1575,722080.0,3680
1576,140000.0,1060
1577,235000.0,1060
1578,440000.0,1610
1579,605000.0,2330
1580,380000.0,1210
1581,352000.0,1530
1582,420000.0,2270
1583,1180000.0,2590
1584,1380000.0,1850
1585,300000.0,1500
1586,1150000.0,4740
1587,453500.0,1710
1588,443500.0,1920
1589,332000.0,1150
1590,655000.0,2320
1591,475000.0,1420
1592,372500.0,1550
1593,1050000.0,2920
1594,500000.0,1620
1595,900000.0,2300
1596,327500.0,1070
1597,390000.0,1790
1598,451101.0,1510
1599,455000.0,1340
1600,650000.0,3350
1601,895000.0,2500
1602,800000.0,2350
1603,703770.0,2550
1604,249950.0,1320
1605,512000.0,1270
1606,780000.0,3480
1607,336000.0,2820
1608,285000.0,2110
1609,229900.0,1100
1610,667500.0,1920
1611,378000.0,1890
1612,454000.0,2530
1613,537500.0,2550
1614,425000.0,1550
1615,290000.0,1760
1616,349500.0,1270
1617,370000.0,1250
1618,549500.0,1620
1619,245000.0,710
1620,208000.0,1070
1621,248000.0,2320
1622,610000.0,5450
1623,550000.0,1670
1624,750000.0,3010
1625,192000.0,1340
1626,169317.0,790
1627,1200000.0,3400
1628,880000.0,1530
1629,210000.0,930
1630,180500.0,1540
1631,540000.0,1990
1632,520000.0,2300
1633,177500.0,1220
1634,415000.0,2380
1635,495000.0,2020
1636,325000.0,1890
1637,440000.0,1330
1638,411000.0,1490
1639,810000.0,3550
1640,561750.0,2040
1641,835100.0,2380
1642,450000.0,1780
1643,238000.0,1650
1644,299000.0,1510
1645,570000.0,1100
1646,340000.0,2190
1647,450000.0,1760
1648,272750.0,1800
1649,520000.0,2000
1650,284950.0,990
1651,255000.0,1480
1652,231500.0,1200
1653,415000.0,3000
1654,330000.0,3504
1655,365000.0,1300
1656,425000.0,1330
1657,400000.0,1850
1658,335000.0,2240
1659,342000.0,1260
1660,490000.0,2800
1661,331500.0,1820
1662,960000.0,1730
1663,720500.0,3350
1664,830000.0,3370
1665,662990.0,1240
1666,220000.0,2340
1667,349950.0,1880
1668,550000.0,1810
1669,396000.0,2340
1670,635000.0,2820
1671,293000.0,1020
1672,339000.0,2090
1673,285000.0,1830
1674,775000.0,2980
1675,224000.0,1600
1676,2250000.0,4440
1677,165050.0,1200
1678,275000.0,1230
1679,445000.0,2930
1680,510000.0,2370
1681,1230000.0,3040
1682,390000.0,1610
1683,460000.0,2350
1684,700000.0,2000
1685,874150.0,3530
1686,470000.0,2220
1687,374000.0,2000
1688,510000.0,1210
1689,467000.0,1140
1690,576000.0,2440
1691,196440.0,1560
1692,825000.0,3210
1693,281000.0,930
1694,326000.0,1782
1695,340000.0,1740
1696,440000.0,3690
1697,749000.0,2930
1698,340000.0,1230
1699,561000.0,2000
1700,270000.0,1520
1701,600000.0,1040
1702,219900.0,1120
1703,617000.0,3020
1704,469000.0,1820
1705,229000.0,1370
1706,1270000.0,3130
1707,365000.0,1640
1708,429000.0,2650
1709,550000.0,2850
1710,453000.0,1820
1711,187500.0,1180
1712,520500.0,1880
1713,300000.0,1280
1714,799000.0,3120
1715,338000.0,2470
1716,800000.0,1700
1717,360000.0,1180
1718,442500.0,2800
1719,700000.0,1300
1720,830000.0,3040
1721,360400.0,1630
1722,345000.0,1340
1723,300000.0,1830
1724,350000.0,1240
1725,368000.0,2500
1726,264000.0,1760
1727,435000.0,2660
1728,200000.0,2060
1729,620000.0,2540
1730,1680000.0,4830
1731,337000.0,1400
1732,1930000.0,4280
1733,544500.0,2230
1734,252000.0,680
1735,445000.0,2340
1736,379500.0,2070
1737,189950.0,1910
1738,469000.0,950
1739,600000.0,2910
1740,785000.0,2930
1741,372000.0,2610
1742,445000.0,3880
1743,508000.0,3320
1744,780000.0,1940
1745,541100.0,2510
1746,729000.0,2660
1747,397000.0,1710
1748,451555.0,1320
1749,300000.0,960
1750,416000.0,1790
1751,490000.0,950
1752,480000.0,2940
1753,368000.0,930
1754,1040000.0,4570
1755,545000.0,2370
1756,850000.0,3430
1757,550000.0,3540
1758,600000.0,2240
1759,535000.0,2710
1760,599950.0,2660
1761,531000.0,2540
1762,530000.0,2210
1763,597326.0,3570
1764,805000.0,3450
1765,390000.0,2330
1766,487250.0,1690
1767,301000.0,1030
1768,1180000.0,2560
1769,299000.0,1950
1770,2350000.0,4370
1771,400000.0,2350
1772,467500.0,3160
1773,305000.0,2430
1774,210000.0,1340
1775,300000.0,1010
1776,327500.0,1770
1777,269000.0,1210
1778,975000.0,3330
1779,355000.0,1240
1780,712000.0,1250
1781,883000.0,2960
1782,190000.0,840
1783,443000.0,1530
1784,920000.0,3750
1785,285000.0,2150
1786,901000.0,1560
1787,552500.0,2040
1788,256000.0,860
1789,341000.0,1720
1790,279000.0,2090
1791,686000.0,2130
1792,225000.0,1300
1793,215500.0,1220
1794,950000.0,2420
1795,503000.0,2940
1796,780000.0,2610
1797,212000.0,1880
1798,580000.0,2330
1799,465000.0,2200
1800,206000.0,1720
1801,615000.0,2250
1802,519000.0,1640
1803,1140000.0,4130
1804,330000.0,2600
1805,240000.0,1920
1806,574000.0,2060
1807,930000.0,5710
1808,850000.0,2720
1809,415000.0,1490
1810,480000.0,2360
1811,300000.0,1940
1812,439000.0,2570
1813,450000.0,1160
1814,589000.0,2660
1815,477000.0,1260
1816,587500.0,1780
1817,1320000.0,3180
1818,1430000.0,3380
1819,700000.0,2690
1820,275000.0,1180
1821,367500.0,1660
1822,453250.0,2260
1823,607000.0,1910
1824,255000.0,2430
1825,501000.0,1300
1826,450000.0,1060
1827,360000.0,2200
1828,460000.0,1720
1829,753000.0,2360
1830,389950.0,820
1831,469000.0,1030
1832,550000.0,2030
1833,565000.0,2700
1834,189650.0,1100
1835,1530000.0,3620
1836,260000.0,1340
1837,243000.0,1790
1838,1100000.0,3830
1839,249000.0,1580
1840,720000.0,2020
1841,905000.0,3330
1842,824500.0,2610
1843,762500.0,2610
1844,580000.0,1740
1845,380000.0,1840
1846,805000.0,1080
1847,520000.0,1240
1848,1570000.0,5620
1849,175000.0,1170
1850,353500.0,1760
1851,500000.0,2230
1852,386500.0,1520
1853,210000.0,1450
1854,439500.0,1600
1855,315000.0,3220
1856,339000.0,1830
1857,655000.0,2200
1858,740000.0,2170
1859,685000.0,1900
1860,550000.0,2960
1861,405000.0,1710
1862,765000.0,2620
1863,625000.0,2140
1864,207000.0,2100
1865,370000.0,2100
1866,475000.0,1460
1867,365000.0,990
1868,411800.0,2190
1869,668000.0,3990
1870,618000.0,2340
1871,247500.0,2460
1872,345000.0,2080
1873,616300.0,1700
1874,348000.0,1330
1875,425000.0,1630
1876,850000.0,2920
1877,820000.0,2830
1878,832000.0,3190
1879,835000.0,1490
1880,350000.0,1630
1881,349000.0,2280
1882,1130000.0,3010
1883,320000.0,1590
1884,150000.0,1250
1885,340000.0,1710
1886,785500.0,3280
1887,410500.0,3362
1888,580000.0,2200
1889,345000.0,830
1890,550000.0,2160
1891,449500.0,2580
1892,300000.0,2150
1893,915000.0,3510
1894,1580000.0,3810
1895,599000.0,2020
1896,755000.0,2120
1897,400000.0,1250
1898,133000.0,980
1899,330000.0,1250
1900,330000.0,1100
1901,375000.0,1330
1902,485000.0,2560
1903,470000.0,1850
1904,1050000.0,2790
1905,548800.0,1660
1906,315000.0,1080
1907,590000.0,3030
1908,439950.0,2380
1909,325000.0,2250
1910,400000.0,880
1911,685000.0,2770
1912,339950.0,1340
1913,315000.0,1660
1914,411753.0,1710
1915,577000.0,1620
1916,500000.0,1530
1917,210000.0,1440
1918,640000.0,2020
1919,460000.0,1870
1920,265000.0,620
1921,740000.0,5774
1922,230000.0,1240
1923,315000.0,1890
1924,432000.0,2410
1925,467000.0,1530
1926,255000.0,2800
1927,316500.0,1460
1928,190000.0,1580
1929,490000.0,1450
1930,378000.0,1990
1931,598800.0,4470
1932,333800.0,1980
1933,690000.0,2920
1934,320000.0,1660
1935,1250000.0,3190
1936,335000.0,1560
1937,840000.0,3050
1938,608250.0,3030
1939,550000.0,2260
1940,240000.0,1260
1941,998000.0,3370
1942,275000.0,1490
1943,284200.0,1570
1944,1720000.0,4490
1945,2400000.0,4090
1946,930800.0,4150
1947,930000.0,2900
1948,215000.0,1430
1949,480000.0,1008
1950,483945.0,1480
1951,347000.0,1240
1952,232500.0,1370
1953,390000.0,1770
1954,550000.0,2160
1955,590000.0,2340
1956,420850.0,960
1957,345000.0,2280
1958,429800.0,1970
1959,302000.0,1530
1960,800000.0,1790
1961,250000.0,1700
1962,605000.0,2660
1963,412000.0,1950
1964,252000.0,1340
1965,375000.0,1130
1966,725000.0,1950
1967,471750.0,3790
1968,490000.0,2020
1969,439000.0,800
1970,355000.0,1770
1971,250000.0,940
1972,780000.0,2260
1973,409000.0,890
1974,420000.0,860
1975,200000.0,680
1976,830000.0,2130
1977,695000.0,2390
1978,815000.0,3488
1979,210000.0,1260
1980,635000.0,2940
1981,562500.0,2440
1982,402500.0,2600
1983,555000.0,2080
1984,310000.0,1990
1985,500000.0,2840
1986,430000.0,2630
1987,1600000.0,2820
1988,627500.0,1560
1989,335000.0,2330
1990,962000.0,3320
1991,299000.0,1730
1992,399950.0,3110
1993,322000.0,1230
1994,430000.0,950
1995,307000.0,1890
1996,194000.0,1010
1997,180000.0,1010
1998,465000.0,2340
1999,650000.0,2950
